[
  {
    "inputs": [
      {
        "internalType": "address",
        "name": "deployer",
        "type": "address"
      },
      {
        "components": [
          {
            "internalType": "address",
            "name": "token0",
            "type": "address"
          },
          {
            "internalType": "address",
            "name": "token1",
            "type": "address"
          },
          {
            "internalType": "uint24",
            "name": "fee",
            "type": "uint24"
          }
        ],
        "internalType": "struct SmartRouterHelper.PoolKey",
        "name": "key",
        "type": "tuple"
      }
    ],
    "name": "computeAddress",
    "outputs": [
      {
        "internalType": "address",
        "name": "pool",
        "type": "address"
      }
    ],
    "stateMutability": "pure",
    "type": "function"
  },
  {
    "inputs": [
      {
        "internalType": "uint256",
        "name": "amountOut",
        "type": "uint256"
      },
      {
        "internalType": "uint256",
        "name": "reserveIn",
        "type": "uint256"
      },
      {
        "internalType": "uint256",
        "name": "reserveOut",
        "type": "uint256"
      }
    ],
    "name": "getAmountIn",
    "outputs": [
      {
        "internalType": "uint256",
        "name": "amountIn",
        "type": "uint256"
      }
    ],
    "stateMutability": "pure",
    "type": "function"
  },
  {
    "inputs": [
      {
        "internalType": "uint256",
        "name": "amountIn",
        "type": "uint256"
      },
      {
        "internalType": "uint256",
        "name": "reserveIn",
        "type": "uint256"
      },
      {
        "internalType": "uint256",
        "name": "reserveOut",
        "type": "uint256"
      }
    ],
    "name": "getAmountOut",
    "outputs": [
      {
        "internalType": "uint256",
        "name": "amountOut",
        "type": "uint256"
      }
    ],
    "stateMutability": "pure",
    "type": "function"
  },
  {
    "inputs": [
      {
        "internalType": "address",
        "name": "factory",
        "type": "address"
      },
      {
        "internalType": "uint256",
        "name": "amountOut",
        "type": "uint256"
      },
      {
        "internalType": "address[]",
        "name": "path",
        "type": "address[]"
      }
    ],
    "name": "getAmountsIn",
    "outputs": [
      {
        "internalType": "uint256[]",
        "name": "amounts",
        "type": "uint256[]"
      }
    ],
    "stateMutability": "view",
    "type": "function"
  },
  {
    "inputs": [
      {
        "internalType": "address",
        "name": "deployer",
        "type": "address"
      },
      {
        "internalType": "address",
        "name": "tokenA",
        "type": "address"
      },
      {
        "internalType": "address",
        "name": "tokenB",
        "type": "address"
      },
      {
        "internalType": "uint24",
        "name": "fee",
        "type": "uint24"
      }
    ],
    "name": "getPool",
    "outputs": [
      {
        "internalType": "contract IPancakeV3Pool",
        "name": "",
        "type": "IPancakeV3Pool"
      }
    ],
    "stateMutability": "pure",
    "type": "function"
  },
  {
    "inputs": [
      {
        "internalType": "address",
        "name": "tokenA",
        "type": "address"
      },
      {
        "internalType": "address",
        "name": "tokenB",
        "type": "address"
      },
      {
        "internalType": "uint24",
        "name": "fee",
        "type": "uint24"
      }
    ],
    "name": "getPoolKey",
    "outputs": [
      {
        "components": [
          {
            "internalType": "address",
            "name": "token0",
            "type": "address"
          },
          {
            "internalType": "address",
            "name": "token1",
            "type": "address"
          },
          {
            "internalType": "uint24",
            "name": "fee",
            "type": "uint24"
          }
        ],
        "internalType": "struct SmartRouterHelper.PoolKey",
        "name": "",
        "type": "tuple"
      }
    ],
    "stateMutability": "pure",
    "type": "function"
  },
  {
    "inputs": [
      {
        "internalType": "address",
        "name": "factory",
        "type": "address"
      },
      {
        "internalType": "address",
        "name": "tokenA",
        "type": "address"
      },
      {
        "internalType": "address",
        "name": "tokenB",
        "type": "address"
      }
    ],
    "name": "getReserves",
    "outputs": [
      {
        "internalType": "uint256",
        "name": "reserveA",
        "type": "uint256"
      },
      {
        "internalType": "uint256",
        "name": "reserveB",
        "type": "uint256"
      }
    ],
    "stateMutability": "view",
    "type": "function"
  },
  {
    "inputs": [
      {
        "internalType": "address",
        "name": "stableSwapFactory",
        "type": "address"
      },
      {
        "internalType": "address",
        "name": "stableSwapInfo",
        "type": "address"
      },
      {
        "internalType": "address[]",
        "name": "path",
        "type": "address[]"
      },
      {
        "internalType": "uint256[]",
        "name": "flag",
        "type": "uint256[]"
      },
      {
        "internalType": "uint256",
        "name": "amountOut",
        "type": "uint256"
      }
    ],
    "name": "getStableAmountsIn",
    "outputs": [
      {
        "internalType": "uint256[]",
        "name": "amounts",
        "type": "uint256[]"
      }
    ],
    "stateMutability": "view",
    "type": "function"
  },
  {
    "inputs": [
      {
        "internalType": "address",
        "name": "stableSwapFactory",
        "type": "address"
      },
      {
        "internalType": "address",
        "name": "input",
        "type": "address"
      },
      {
        "internalType": "address",
        "name": "output",
        "type": "address"
      },
      {
        "internalType": "uint256",
        "name": "flag",
        "type": "uint256"
      }
    ],
    "name": "getStableInfo",
    "outputs": [
      {
        "internalType": "uint256",
        "name": "i",
        "type": "uint256"
      },
      {
        "internalType": "uint256",
        "name": "j",
        "type": "uint256"
      },
      {
        "internalType": "address",
        "name": "swapContract",
        "type": "address"
      }
    ],
    "stateMutability": "view",
    "type": "function"
  },
  {
    "inputs": [
      {
        "internalType": "address",
        "name": "factory",
        "type": "address"
      },
      {
        "internalType": "address",
        "name": "tokenA",
        "type": "address"
      },
      {
        "internalType": "address",
        "name": "tokenB",
        "type": "address"
      }
    ],
    "name": "pairFor",
    "outputs": [
      {
        "internalType": "address",
        "name": "pair",
        "type": "address"
      }
    ],
    "stateMutability": "pure",
    "type": "function"
  },
  {
    "inputs": [
      {
        "internalType": "address",
        "name": "tokenA",
        "type": "address"
      },
      {
        "internalType": "address",
        "name": "tokenB",
        "type": "address"
      }
    ],
    "name": "sortTokens",
    "outputs": [
      {
        "internalType": "address",
        "name": "token0",
        "type": "address"
      },
      {
        "internalType": "address",
        "name": "token1",
        "type": "address"
      }
    ],
    "stateMutability": "pure",
    "type": "function"
  },
  {
    "inputs": [
      {
        "internalType": "address",
        "name": "deployer",
        "type": "address"
      },
      {
        "internalType": "address",
        "name": "tokenA",
        "type": "address"
      },
      {
        "internalType": "address",
        "name": "tokenB",
        "type": "address"
      },
      {
        "internalType": "uint24",
        "name": "fee",
        "type": "uint24"
      }
    ],
    "name": "verifyCallback",
    "outputs": [
      {
        "internalType": "contract IPancakeV3Pool",
        "name": "pool",
        "type": "IPancakeV3Pool"
      }
    ],
    "stateMutability": "view",
    "type": "function"
  },
  {
    "inputs": [
      {
        "internalType": "address",
        "name": "deployer",
        "type": "address"
      },
      {
        "components": [
          {
            "internalType": "address",
            "name": "token0",
            "type": "address"
          },
          {
            "internalType": "address",
            "name": "token1",
            "type": "address"
          },
          {
            "internalType": "uint24",
            "name": "fee",
            "type": "uint24"
          }
        ],
        "internalType": "struct SmartRouterHelper.PoolKey",
        "name": "poolKey",
        "type": "tuple"
      }
    ],
    "name": "verifyCallback",
    "outputs": [
      {
        "internalType": "contract IPancakeV3Pool",
        "name": "pool",
        "type": "IPancakeV3Pool"
      }
    ],
    "stateMutability": "view",
    "type": "function"
  }
]
