[
  {
    "inputs": [],
    "name": "A",
    "outputs": [
      {
        "internalType": "uint256",
        "name": "",
        "type": "uint256"
      }
    ],
    "stateMutability": "view",
    "type": "function"
  },
  {
    "inputs": [
      {
        "internalType": "uint256",
        "name": "i",
        "type": "uint256"
      }
    ],
    "name": "balances",
    "outputs": [
      {
        "internalType": "uint256",
        "name": "",
        "type": "uint256"
      }
    ],
    "stateMutability": "view",
    "type": "function"
  },
  {
    "inputs": [
      {
        "internalType": "uint256",
        "name": "i",
        "type": "uint256"
      }
    ],
    "name": "coins",
    "outputs": [
      {
        "internalType": "address",
        "name": "",
        "type": "address"
      }
    ],
    "stateMutability": "view",
    "type": "function"
  },
  {
    "inputs": [
      {
        "internalType": "uint256",
        "name": "i",
        "type": "uint256"
      },
      {
        "internalType": "uint256",
        "name": "j",
        "type": "uint256"
      },
      {
        "internalType": "uint256",
        "name": "dx",
        "type": "uint256"
      },
      {
        "internalType": "uint256",
        "name": "minDy",
        "type": "uint256"
      }
    ],
    "name": "exchange",
    "outputs": [],
    "stateMutability": "payable",
    "type": "function"
  },
  {
    "inputs": [],
    "name": "fee",
    "outputs": [
      {
        "internalType": "uint256",
        "name": "",
        "type": "uint256"
      }
    ],
    "stateMutability": "view",
    "type": "function"
  },
  {
    "inputs": [
      {
        "internalType": "uint256",
        "name": "i",
        "type": "uint256"
      },
      {
        "internalType": "uint256",
        "name": "j",
        "type": "uint256"
      },
      {
        "internalType": "uint256",
        "name": "dx",
        "type": "uint256"
      }
    ],
    "name": "get_dy",
    "outputs": [
      {
        "internalType": "uint256",
        "name": "dy",
        "type": "uint256"
      }
    ],
    "stateMutability": "view",
    "type": "function"
  }
]
