[
  {
    "inputs": [
      {
        "internalType": "uint32[]",
        "name": "secondsAgos",
        "type": "uint32[]"
      }
    ],
    "name": "observe",
    "outputs": [
      {
        "internalType": "int56[]",
        "name": "tickCumulatives",
        "type": "int56[]"
      },
      {
        "internalType": "uint160[]",
        "name": "secondsPerLiquidityCumulativeX128s",
        "type": "uint160[]"
      }
    ],
    "stateMutability": "view",
    "type": "function"
  },
  {
    "inputs": [
      {
        "internalType": "int24",
        "name": "tickLower",
        "type": "int24"
      },
      {
        "internalType": "int24",
        "name": "tickUpper",
        "type": "int24"
      }
    ],
    "name": "snapshotCumulativesInside",
    "outputs": [
      {
        "internalType": "int56",
        "name": "tickCumulativeInside",
        "type": "int56"
      },
      {
        "internalType": "uint160",
        "name": "secondsPerLiquidityInsideX128",
        "type": "uint160"
      },
      {
        "internalType": "uint32",
        "name": "secondsInside",
        "type": "uint32"
      }
    ],
    "stateMutability": "view",
    "type": "function"
  }
]
