[
  {
    "inputs": [
      {
        "internalType": "address",
        "name": "_swap",
        "type": "address"
      },
      {
        "internalType": "uint256",
        "name": "i",
        "type": "uint256"
      },
      {
        "internalType": "uint256",
        "name": "j",
        "type": "uint256"
      },
      {
        "internalType": "uint256",
        "name": "dy",
        "type": "uint256"
      },
      {
        "internalType": "uint256",
        "name": "max_dx",
        "type": "uint256"
      }
    ],
    "name": "get_dx",
    "outputs": [
      {
        "internalType": "uint256",
        "name": "",
        "type": "uint256"
      }
    ],
    "stateMutability": "view",
    "type": "function"
  }
]
