[
  {
    "inputs": [
      {
        "internalType": "address",
        "name": "_tokenA",
        "type": "address"
      },
      {
        "internalType": "address",
        "name": "_tokenB",
        "type": "address"
      },
      {
        "internalType": "address",
        "name": "_tokenC",
        "type": "address"
      },
      {
        "internalType": "address",
        "name": "_minter",
        "type": "address"
      }
    ],
    "name": "createSwapLP",
    "outputs": [
      {
        "internalType": "address",
        "name": "",
        "type": "address"
      }
    ],
    "stateMutability": "nonpayable",
    "type": "function"
  }
]
