[
  {
    "inputs": [
      {
        "internalType": "address",
        "name": "_tokenA",
        "type": "address"
      },
      {
        "internalType": "address",
        "name": "_tokenB",
        "type": "address"
      }
    ],
    "name": "getPairInfo",
    "outputs": [
      {
        "components": [
          {
            "internalType": "address",
            "name": "swapContract",
            "type": "address"
          },
          {
            "internalType": "address",
            "name": "token0",
            "type": "address"
          },
          {
            "internalType": "address",
            "name": "token1",
            "type": "address"
          },
          {
            "internalType": "address",
            "name": "LPContract",
            "type": "address"
          }
        ],
        "internalType": "struct IStableSwapFactory.StableSwapPairInfo",
        "name": "info",
        "type": "tuple"
      }
    ],
    "stateMutability": "view",
    "type": "function"
  },
  {
    "inputs": [
      {
        "internalType": "address",
        "name": "_tokenA",
        "type": "address"
      },
      {
        "internalType": "address",
        "name": "_tokenB",
        "type": "address"
      }
    ],
    "name": "getThreePoolPairInfo",
    "outputs": [
      {
        "components": [
          {
            "internalType": "address",
            "name": "swapContract",
            "type": "address"
          },
          {
            "internalType": "address",
            "name": "token0",
            "type": "address"
          },
          {
            "internalType": "address",
            "name": "token1",
            "type": "address"
          },
          {
            "internalType": "address",
            "name": "token2",
            "type": "address"
          },
          {
            "internalType": "address",
            "name": "LPContract",
            "type": "address"
          }
        ],
        "internalType": "struct IStableSwapFactory.StableSwapThreePoolPairInfo",
        "name": "info",
        "type": "tuple"
      }
    ],
    "stateMutability": "view",
    "type": "function"
  },
  {
    "inputs": [],
    "name": "pairLength",
    "outputs": [
      {
        "internalType": "uint256",
        "name": "",
        "type": "uint256"
      }
    ],
    "stateMutability": "view",
    "type": "function"
  }
]
