[
  {
    "inputs": [
      {
        "internalType": "contract IPancakeStableSwapLPFactory",
        "name": "_LPFactory",
        "type": "address"
      },
      {
        "internalType": "contract IPancakeStableSwapDeployer",
        "name": "_SwapTwoPoolDeployer",
        "type": "address"
      },
      {
        "internalType": "contract IPancakeStableSwapDeployer",
        "name": "_SwapThreePoolDeployer",
        "type": "address"
      }
    ],
    "stateMutability": "nonpayable",
    "type": "constructor"
  },
  {
    "anonymous": false,
    "inputs": [
      {
        "indexed": true,
        "internalType": "address",
        "name": "swapContract",
        "type": "address"
      },
      {
        "indexed": false,
        "internalType": "address",
        "name": "tokenA",
        "type": "address"
      },
      {
        "indexed": false,
        "internalType": "address",
        "name": "tokenB",
        "type": "address"
      },
      {
        "indexed": false,
        "internalType": "address",
        "name": "tokenC",
        "type": "address"
      },
      {
        "indexed": false,
        "internalType": "address",
        "name": "LP",
        "type": "address"
      }
    ],
    "name": "NewStableSwapPair",
    "type": "event"
  },
  {
    "anonymous": false,
    "inputs": [
      {
        "indexed": true,
        "internalType": "address",
        "name": "previousOwner",
        "type": "address"
      },
      {
        "indexed": true,
        "internalType": "address",
        "name": "newOwner",
        "type": "address"
      }
    ],
    "name": "OwnershipTransferred",
    "type": "event"
  },
  {
    "inputs": [],
    "name": "LPFactory",
    "outputs": [
      {
        "internalType": "contract IPancakeStableSwapLPFactory",
        "name": "",
        "type": "address"
      }
    ],
    "stateMutability": "view",
    "type": "function"
  },
  {
    "inputs": [],
    "name": "SwapThreePoolDeployer",
    "outputs": [
      {
        "internalType": "contract IPancakeStableSwapDeployer",
        "name": "",
        "type": "address"
      }
    ],
    "stateMutability": "view",
    "type": "function"
  },
  {
    "inputs": [],
    "name": "SwapTwoPoolDeployer",
    "outputs": [
      {
        "internalType": "contract IPancakeStableSwapDeployer",
        "name": "",
        "type": "address"
      }
    ],
    "stateMutability": "view",
    "type": "function"
  },
  {
    "inputs": [
      {
        "internalType": "address",
        "name": "_swapContract",
        "type": "address"
      }
    ],
    "name": "addPairInfo",
    "outputs": [],
    "stateMutability": "nonpayable",
    "type": "function"
  },
  {
    "inputs": [
      {
        "internalType": "address",
        "name": "_tokenA",
        "type": "address"
      },
      {
        "internalType": "address",
        "name": "_tokenB",
        "type": "address"
      },
      {
        "internalType": "uint256",
        "name": "_A",
        "type": "uint256"
      },
      {
        "internalType": "uint256",
        "name": "_fee",
        "type": "uint256"
      },
      {
        "internalType": "uint256",
        "name": "_admin_fee",
        "type": "uint256"
      }
    ],
    "name": "createSwapPair",
    "outputs": [],
    "stateMutability": "nonpayable",
    "type": "function"
  },
  {
    "inputs": [
      {
        "internalType": "address",
        "name": "_tokenA",
        "type": "address"
      },
      {
        "internalType": "address",
        "name": "_tokenB",
        "type": "address"
      },
      {
        "internalType": "address",
        "name": "_tokenC",
        "type": "address"
      },
      {
        "internalType": "uint256",
        "name": "_A",
        "type": "uint256"
      },
      {
        "internalType": "uint256",
        "name": "_fee",
        "type": "uint256"
      },
      {
        "internalType": "uint256",
        "name": "_admin_fee",
        "type": "uint256"
      }
    ],
    "name": "createThreePoolPair",
    "outputs": [],
    "stateMutability": "nonpayable",
    "type": "function"
  },
  {
    "inputs": [
      {
        "internalType": "address",
        "name": "_tokenA",
        "type": "address"
      },
      {
        "internalType": "address",
        "name": "_tokenB",
        "type": "address"
      }
    ],
    "name": "getPairInfo",
    "outputs": [
      {
        "components": [
          {
            "internalType": "address",
            "name": "swapContract",
            "type": "address"
          },
          {
            "internalType": "address",
            "name": "token0",
            "type": "address"
          },
          {
            "internalType": "address",
            "name": "token1",
            "type": "address"
          },
          {
            "internalType": "address",
            "name": "LPContract",
            "type": "address"
          }
        ],
        "internalType": "struct PancakeStableSwapFactory.StableSwapPairInfo",
        "name": "info",
        "type": "tuple"
      }
    ],
    "stateMutability": "view",
    "type": "function"
  },
  {
    "inputs": [
      {
        "internalType": "address",
        "name": "_tokenA",
        "type": "address"
      },
      {
        "internalType": "address",
        "name": "_tokenB",
        "type": "address"
      }
    ],
    "name": "getThreePoolPairInfo",
    "outputs": [
      {
        "components": [
          {
            "internalType": "address",
            "name": "swapContract",
            "type": "address"
          },
          {
            "internalType": "address",
            "name": "token0",
            "type": "address"
          },
          {
            "internalType": "address",
            "name": "token1",
            "type": "address"
          },
          {
            "internalType": "address",
            "name": "token2",
            "type": "address"
          },
          {
            "internalType": "address",
            "name": "LPContract",
            "type": "address"
          }
        ],
        "internalType": "struct PancakeStableSwapFactory.StableSwapThreePoolPairInfo",
        "name": "info",
        "type": "tuple"
      }
    ],
    "stateMutability": "view",
    "type": "function"
  },
  {
    "inputs": [],
    "name": "owner",
    "outputs": [
      {
        "internalType": "address",
        "name": "",
        "type": "address"
      }
    ],
    "stateMutability": "view",
    "type": "function"
  },
  {
    "inputs": [],
    "name": "pairLength",
    "outputs": [
      {
        "internalType": "uint256",
        "name": "",
        "type": "uint256"
      }
    ],
    "stateMutability": "view",
    "type": "function"
  },
  {
    "inputs": [],
    "name": "renounceOwnership",
    "outputs": [],
    "stateMutability": "nonpayable",
    "type": "function"
  },
  {
    "inputs": [
      {
        "internalType": "address",
        "name": "",
        "type": "address"
      },
      {
        "internalType": "address",
        "name": "",
        "type": "address"
      },
      {
        "internalType": "address",
        "name": "",
        "type": "address"
      }
    ],
    "name": "stableSwapPairInfo",
    "outputs": [
      {
        "internalType": "address",
        "name": "swapContract",
        "type": "address"
      },
      {
        "internalType": "address",
        "name": "token0",
        "type": "address"
      },
      {
        "internalType": "address",
        "name": "token1",
        "type": "address"
      },
      {
        "internalType": "address",
        "name": "token2",
        "type": "address"
      },
      {
        "internalType": "address",
        "name": "LPContract",
        "type": "address"
      }
    ],
    "stateMutability": "view",
    "type": "function"
  },
  {
    "inputs": [
      {
        "internalType": "uint256",
        "name": "",
        "type": "uint256"
      }
    ],
    "name": "swapPairContract",
    "outputs": [
      {
        "internalType": "address",
        "name": "",
        "type": "address"
      }
    ],
    "stateMutability": "view",
    "type": "function"
  },
  {
    "inputs": [
      {
        "internalType": "address",
        "name": "newOwner",
        "type": "address"
      }
    ],
    "name": "transferOwnership",
    "outputs": [],
    "stateMutability": "nonpayable",
    "type": "function"
  }
]
