[
  {
    "inputs": [
      {
        "internalType": "address",
        "name": "recipient",
        "type": "address"
      },
      {
        "internalType": "uint128",
        "name": "amount0Requested",
        "type": "uint128"
      },
      {
        "internalType": "uint128",
        "name": "amount1Requested",
        "type": "uint128"
      }
    ],
    "name": "collectProtocol",
    "outputs": [
      {
        "internalType": "uint128",
        "name": "amount0",
        "type": "uint128"
      },
      {
        "internalType": "uint128",
        "name": "amount1",
        "type": "uint128"
      }
    ],
    "stateMutability": "nonpayable",
    "type": "function"
  },
  {
    "inputs": [
      {
        "internalType": "uint32",
        "name": "feeProtocol0",
        "type": "uint32"
      },
      {
        "internalType": "uint32",
        "name": "feeProtocol1",
        "type": "uint32"
      }
    ],
    "name": "setFeeProtocol",
    "outputs": [],
    "stateMutability": "nonpayable",
    "type": "function"
  },
  {
    "inputs": [
      {
        "internalType": "address",
        "name": "lmPool",
        "type": "address"
      }
    ],
    "name": "setLmPool",
    "outputs": [],
    "stateMutability": "nonpayable",
    "type": "function"
  }
]
